{
    "joint1": 0,
    "joint2": 45.0,
    "joint3": 45.0,
    "roll": 89.99999999999999,
    "pitch": -0.0,
    "yaw": 0.0,
    "Ex": 0.0,
    "Ey": 10.242640687119286,
    "Ez": 8.242640687119287
}